Page Path,Page Title,URL,PDF Count,Map Count,Image Count,Other Count,Total Assets
index.html,Public Transport in Derbyshire & the Peak District,/index.html,1,0,3,0,4
maps/print_maps.html,Public Transport in Derbyshire & the Peak District,/maps/print_maps.html,0,3,3,0,6
places_index/new mills.html,Public Transport in Derbyshire & the Peak District,/places_index/new mills.html,1,0,0,0,1
places_index/swadlincote.html,Public Transport in Derbyshire & the Peak District,/places_index/swadlincote.html,1,0,0,0,1
places_index/ashbourne.html,Public Transport in Derbyshire & the Peak District,/places_index/ashbourne.html,1,0,0,0,1
places_index/chesterfield_borough.html,Public Transport in Derbyshire & the Peak District,/places_index/chesterfield_borough.html,2,0,0,0,2
places_index/places_s_z.html,Public Transport in Derbyshire & the Peak District,/places_index/places_s_z.html,23,0,0,0,23
places_index/ilkeston.html,Public Transport in Derbyshire & the Peak District,/places_index/ilkeston.html,1,0,0,0,1
places_index/places_a_d.html,Public Transport in Derbyshire & the Peak District,/places_index/places_a_d.html,42,0,0,0,42
places_index/belper.html,Public Transport in Derbyshire & the Peak District,/places_index/belper.html,1,0,0,0,1
places_index/matlock.html,Public Transport in Derbyshire & the Peak District,/places_index/matlock.html,1,0,0,0,1
places_index/alfreton.html,Public Transport in Derbyshire & the Peak District,/places_index/alfreton.html,1,0,0,0,1
places_index/derby.html,Public Transport in Derbyshire & the Peak District,/places_index/derby.html,2,0,0,0,2
places_index/bakewell.html,Public Transport in Derbyshire & the Peak District,/places_index/bakewell.html,1,0,0,0,1
places_index/heanor.html,Public Transport in Derbyshire & the Peak District,/places_index/heanor.html,1,0,0,0,1
places_index/buxton.html,Public Transport in Derbyshire & the Peak District,/places_index/buxton.html,1,0,0,0,1
places_index/chesterfield.html,Public Transport in Derbyshire & the Peak District,/places_index/chesterfield.html,2,0,0,0,2
places_index/glossop.html,Public Transport in Derbyshire & the Peak District,/places_index/glossop.html,1,0,0,0,1
places_index/places_m_r.html,Public Transport in Derbyshire & the Peak District,/places_index/places_m_r.html,18,0,0,0,18
places_index/places_e_l.html,Public Transport in Derbyshire & the Peak District,/places_index/places_e_l.html,31,0,0,0,31
places_index/ripley.html,Public Transport in Derbyshire & the Peak District,/places_index/ripley.html,1,0,0,0,1
places_index/derby_city.html,Public Transport in Derbyshire & the Peak District,/places_index/derby_city.html,2,0,0,0,2
